guid,post_type
http://kampbart.local/?post_type=club&#038;p=20825,club
http://kampbart.local/?post_type=club&#038;p=20824,club
http://kampbart.local/?post_type=club&#038;p=20823,club
http://kampbart.local/?p=20814,post
http://kampbart.local/?post_type=player&#038;p=20813,player
http://kampbart.local/?p=20805,post
http://kampbart.local/?p=20765,post
http://kampbart.local/?p=20757,post
http://kampbart.local/?p=20743,post
http://kampbart.local/?p=20734,post
http://kampbart.local/?p=20726,post
http://kampbart.local/?p=20717,post
http://kampbart.local/?post_type=player&#038;p=20716,player
http://kampbart.local/?post_type=player&#038;p=20715,player
http://kampbart.local/?post_type=player&#038;p=20714,player
http://kampbart.local/?post_type=fixture&#038;p=20712,fixture
http://kampbart.local/?post_type=fixture&#038;p=20711,fixture
http://kampbart.local/?post_type=fixture&#038;p=20710,fixture
http://kampbart.local/?post_type=fixture&#038;p=20709,fixture
http://kampbart.local/?post_type=fixture&#038;p=20708,fixture
http://kampbart.local/?post_type=fixture&#038;p=20707,fixture
http://kampbart.local/?post_type=fixture&#038;p=20706,fixture
http://kampbart.local/?post_type=fixture&#038;p=20705,fixture
http://kampbart.local/?post_type=fixture&#038;p=20704,fixture
http://kampbart.local/?post_type=fixture&#038;p=20703,fixture
http://kampbart.local/?post_type=fixture&#038;p=20702,fixture
http://kampbart.local/?post_type=fixture&#038;p=20701,fixture
http://kampbart.local/?post_type=club&#038;p=20699,club
http://kampbart.local/?post_type=club&#038;p=20698,club
http://kampbart.local/?post_type=club&#038;p=20697,club
http://kampbart.local/?post_type=club&#038;p=20696,club
http://kampbart.local/?p=20685,post
http://kampbart.local/?p=20683,post
http://kampbart.local/?p=20666,post
http://kampbart.local/?p=20668,post
http://kampbart.local/?p=20657,post
http://kampbart.local/?post_type=player&#038;p=20659,player
http://kampbart.local/?p=20653,post
http://kampbart.local/?p=20647,post
http://kampbart.local/?p=20642,post
http://kampbart.local/?p=20632,post
http://kampbart.local/?post_type=player&#038;p=20634,player
http://kampbart.local/?post_type=player&#038;p=20631,player
http://kampbart.local/?p=20629,post
http://kampbart.local/?p=20625,post
http://kampbart.local/?p=20481,post
http://kampbart.local/?post_type=player&#038;p=20483,player
http://kampbart.local/?p=20478,post
http://kampbart.local/?post_type=player&#038;p=20477,player
http://kampbart.local/?p=20435,post
http://kampbart.local/?post_type=pitch&#038;p=20413,pitch
http://kampbart.local/?post_type=pitch&#038;p=20412,pitch
http://kampbart.local/?post_type=pitch&#038;p=20407,pitch
http://kampbart.local/?post_type=fixture&#038;p=20427,fixture
http://kampbart.local/?post_type=club&#038;p=20421,club
http://kampbart.local/?post_type=fixture&#038;p=20411,fixture
http://kampbart.local/fixture/kampbart-pil-2/,fixture
http://kampbart.local/fixture/tosk-fg-b-i-l-kampbart-2/,fixture
http://kampbart.local/fixture/kampbart-pil-2/,fixture
http://kampbart.local/fixture/kampbart-pil-2/,fixture
http://kampbart.local/fixture/tosk-fg-b-i-l-kampbart-2/,fixture
http://kampbart.local/fixture/kampbart-pil-2/,fixture
http://kampbart.local/fixture/tosk-fg-b-i-l-kampbart-2/,fixture
http://kampbart.local/fixture/mellomveien-bk-kampbart-2/,fixture
http://kampbart.local/fixture/kampbart-posten-bring-3/,fixture
http://kampbart.local/fixture/fasadelaget-kampbart-2/,fixture
http://kampbart.local/fixture/kampbart-pil-2/,fixture
http://kampbart.local/fixture/kampbart-nidaros-punishers-2/,fixture
http://kampbart.local/?post_type=club&#038;p=20408,club
http://kampbart.local/?page_id=20402,page
http://kampbart.local/?p=20362,post
http://kampbart.local/?p=20356,post
http://kampbart.local/?p=20353,post
http://kampbart.local/?p=20275,post
http://kampbart.local/?p=20266,post
http://kampbart.local/?post_type=fixture&#038;p=20265,fixture
http://kampbart.local/?p=20251,post
http://kampbart.local/?post_type=fixture&#038;p=20250,fixture
http://kampbart.local/?post_type=player&#038;p=20249,player
http://kampbart.local/?p=20212,post
http://kampbart.local/?post_type=fixture&#038;p=20211,fixture
http://kampbart.local/?p=20205,post
http://kampbart.local/?post_type=fixture&#038;p=20204,fixture
http://kampbart.local/?post_type=fixture&#038;p=20203,fixture
http://kampbart.local/?post_type=fixture&#038;p=20197,fixture
http://kampbart.local/?p=20187,post
http://kampbart.local/?post_type=player&#038;p=20190,player
http://kampbart.local/?post_type=fixture&#038;p=20186,fixture
http://kampbart.local/?p=20182,post
http://kampbart.local/?post_type=fixture&#038;p=20181,fixture
http://kampbart.local/?p=20174,post
http://kampbart.local/?post_type=fixture&#038;p=20173,fixture
http://kampbart.local/?p=20163,post
http://kampbart.local/?post_type=fixture&#038;p=20162,fixture
http://kampbart.local/?post_type=club&#038;p=20161,club
http://kampbart.local/?post_type=club&#038;p=20159,club
http://kampbart.local/?post_type=club&#038;p=20158,club
http://kampbart.local/?post_type=club&#038;p=20157,club
http://kampbart.local/?post_type=club&#038;p=20156,club
http://kampbart.local/?post_type=club&#038;p=20154,club
http://kampbart.local/?post_type=club&#038;p=20153,club
http://kampbart.local/?post_type=club&#038;p=20152,club
http://kampbart.local/?page_id=20140,page
http://kampbart.local/?p=20126,post
http://kampbart.local/?p=20113,post
http://kampbart.local/?p=20107,post
http://kampbart.local/2019/10/03/arets-gullbart-2019-2/,post
http://kampbart.local/?p=20088,post
http://kampbart.local/?post_type=fixture&#038;p=20087,fixture
http://kampbart.local/?post_type=fixture&#038;p=20081,fixture
http://kampbart.local/?p=20073,post
http://kampbart.local/?post_type=fixture&#038;p=20071,fixture
http://kampbart.local/?post_type=club&#038;p=20072,club
http://kampbart.local/?p=20063,post
http://kampbart.local/?post_type=fixture&#038;p=20062,fixture
http://kampbart.local/?p=20055,post
http://kampbart.local/?post_type=fixture&#038;p=20054,fixture
http://kampbart.local/?p=20050,post
http://kampbart.local/?post_type=fixture&#038;p=20048,fixture
http://kampbart.local/?p=20038,post
http://kampbart.local/?post_type=fixture&#038;p=20036,fixture
http://kampbart.local/?post_type=player&#038;p=20037,player
http://kampbart.local/?page_id=20031,page
http://kampbart.com/?p=20014,post
http://kampbart.com/?p=20007,post
http://kampbart.com/?p=20004,post
http://kampbart.com/?p=19987,post
http://kampbart.com/?p=19982,post
http://kampbart.com/?p=19974,post
http://kampbart.com/?p=19962,post
http://kampbart.com/?p=19951,post
http://kampbart.com/?post_type=player&#038;p=19950,player
http://kampbart.com/?p=19945,post
http://kampbart.com/?p=19938,post
http://kampbart.com/?p=19923,post
http://kampbart.com/?p=19916,post
http://kampbart.com/?post_type=fixture&#038;p=19915,fixture
http://kampbart.com/?post_type=fixture&#038;p=19914,fixture
http://kampbart.com/?post_type=fixture&#038;p=19913,fixture
http://kampbart.com/?post_type=fixture&#038;p=19912,fixture
http://kampbart.com/?post_type=fixture&#038;p=19911,fixture
http://kampbart.com/?post_type=fixture&#038;p=19910,fixture
http://kampbart.com/?post_type=fixture&#038;p=19909,fixture
http://kampbart.com/?post_type=fixture&#038;p=19908,fixture
http://kampbart.com/?post_type=fixture&#038;p=19907,fixture
http://kampbart.com/?post_type=fixture&#038;p=19906,fixture
http://kampbart.com/?post_type=fixture&#038;p=19904,fixture
http://kampbart.com/?post_type=fixture&#038;p=19903,fixture
http://kampbart.com/?post_type=club&#038;p=19902,club
http://kampbart.com/?post_type=club&#038;p=19901,club
http://kampbart.com/?post_type=club&#038;p=19900,club
http://kampbart.com/?post_type=club&#038;p=19899,club
http://kampbart.com/?page_id=19894,page
http://kampbart.com/?p=19881,post
http://kampbart.com/2017/10/10/arets-gullbart-2017-2/,post
http://kampbart.com/?p=19853,post
http://kampbart.com/?p=19849,post
http://kampbart.com/?p=19842,post
http://kampbart.com/?p=19837,post
http://kampbart.com/?post_type=player&#038;p=19833,player
http://kampbart.com/?p=19828,post
http://kampbart.com/?p=19819,post
http://kampbart.com/?post_type=fixture&#038;p=19811,fixture
http://kampbart.com/?post_type=fixture&#038;p=19810,fixture
http://kampbart.com/?post_type=fixture&#038;p=19809,fixture
http://kampbart.com/?post_type=club&#038;p=19808,club
http://kampbart.com/?post_type=fixture&#038;p=19807,fixture
http://kampbart.com/?post_type=fixture&#038;p=19805,fixture
http://kampbart.com/?post_type=club&#038;p=19804,club
http://kampbart.com/?post_type=club&#038;p=19729,club
http://kampbart.com/?post_type=fixture&#038;p=19728,fixture
http://kampbart.com/?post_type=player&#038;p=19704,player
http://kampbart.com/?post_type=player&#038;p=19678,player
http://kampbart.com/?post_type=player&#038;p=19669,player
http://kampbart.com/?post_type=player&#038;p=19662,player
http://kampbart.com/?post_type=player&#038;p=19655,player
http://kampbart.com/?p=19587,post
http://kampbart.com/?p=19583,post
http://kampbart.com/?post_type=fixture&#038;p=19581,fixture
http://kampbart.com/?post_type=player&#038;p=19582,player
http://kampbart.com/?p=19572,post
http://kampbart.com/?post_type=fixture&#038;p=19571,fixture
http://kampbart.com/?p=19563,post
http://kampbart.com/?post_type=fixture&#038;p=19562,fixture
http://kampbart.com/?p=19553,post
http://kampbart.com/?post_type=fixture&#038;p=19552,fixture
http://kampbart.com/?post_type=player&#038;p=19549,player
http://kampbart.com/?p=19537,post
http://kampbart.com/?post_type=fixture&#038;p=19535,fixture
http://kampbart.com/?post_type=club&#038;p=19536,club
http://kampbart.com/?p=19524,post
http://kampbart.com/?post_type=fixture&#038;p=19523,fixture
http://kampbart.com/?p=19514,post
http://kampbart.com/?post_type=fixture&#038;p=19513,fixture
http://kampbart.com/?page_id=19504,page
http://kampbart.com/?p=19482,post
http://kampbart.com/?post_type=player&#038;p=19480,player
http://kampbart.com/?post_type=player&#038;p=19479,player
http://kampbart.com/?post_type=player&#038;p=19411,player
http://kampbart.com/?p=19377,post
http://kampbart.com/?page_id=19372,page
http://kampbart.com/?p=19367,post
http://kampbart.com/?p=19361,post
http://kampbart.com/?p=19353,post
http://kampbart.com/?p=19334,post
http://kampbart.com/?p=19329,post
http://kampbart.com/?p=19308,post
http://kampbart.com/?p=19301,post
http://kampbart.com/?p=19297,post
http://kampbart.com/?p=19285,post
http://kampbart.com/?post_type=player&#038;p=19284,player
http://kampbart.local/?post_type=fixture&#038;p=19275,fixture
http://kampbart.local/?post_type=fixture&#038;p=19273,fixture
http://kampbart.local/?post_type=fixture&#038;p=19272,fixture
http://kampbart.local/?post_type=fixture&#038;p=19271,fixture
http://kampbart.local/?post_type=fixture&#038;p=19270,fixture
http://kampbart.local/?post_type=fixture&#038;p=19269,fixture
http://kampbart.local/?post_type=fixture&#038;p=19266,fixture
http://kampbart.local/?post_type=fixture&#038;p=19265,fixture
http://kampbart.local/?post_type=fixture&#038;p=19264,fixture
http://kampbart.local/?post_type=fixture&#038;p=19263,fixture
http://kampbart.local/?post_type=fixture&#038;p=19262,fixture
http://kampbart.local/?post_type=club&#038;p=19261,club
http://kampbart.com/?p=19231,post
http://kampbart.com/?p=19213,post
http://kampbart.com/?p=19206,post
http://kampbart.com/?p=19199,post
http://kampbart.com/?p=19190,post
http://kampbart.com/?p=19185,post
http://kampbart.com/?p=19181,post
http://kampbart.com/?page_id=19159,page
http://kampbart.com/?p=19155,post
http://kampbart.com/?p=19151,post
http://kampbart.com/?p=19148,post
http://kampbart.com/?p=19143,post
http://kampbart.com/?p=19141,post
http://kampbart.com/?post_type=fixture&#038;p=19136,fixture
http://kampbart.com/?post_type=fixture&#038;p=19135,fixture
http://kampbart.com/?post_type=fixture&#038;p=19134,fixture
http://kampbart.com/?post_type=fixture&#038;p=19133,fixture
http://kampbart.com/?post_type=fixture&#038;p=19132,fixture
http://kampbart.com/?post_type=fixture&#038;p=19131,fixture
http://kampbart.com/?post_type=fixture&#038;p=19130,fixture
http://kampbart.com/?post_type=fixture&#038;p=19129,fixture
http://kampbart.com/?post_type=fixture&#038;p=19128,fixture
http://kampbart.com/?post_type=fixture&#038;p=19127,fixture
http://kampbart.com/?post_type=fixture&#038;p=19126,fixture
http://kampbart.com/?post_type=fixture&#038;p=19125,fixture
http://kampbart.com/?post_type=club&#038;p=19124,club
http://kampbart.com/?post_type=club&#038;p=19123,club
http://kampbart.com/?post_type=club&#038;p=19122,club
http://kampbart.com/?post_type=club&#038;p=19121,club
http://kampbart.com/?post_type=club&#038;p=19120,club
http://kampbart.com/?post_type=club&#038;p=19119,club
http://kampbart.com/?post_type=club&#038;p=19118,club
http://kampbart.com/?post_type=club&#038;p=19117,club
http://kampbart.com/?post_type=club&#038;p=19116,club
http://kampbart.com/?post_type=club&#038;p=19115,club
http://kampbart.com/?p=19083,post
http://kampbart.com/?post_type=player&#038;p=18995,player
http://kampbart.site/?post_type=player&#038;p=18973,player
http://kampbart.site/?post_type=player&#038;p=18972,player
http://kampbart.site/?post_type=player&#038;p=18969,player
http://kampbart.site/?post_type=fixture&#038;p=18945,fixture
http://kampbart.site/?post_type=fixture&#038;p=18944,fixture
http://kampbart.site/?post_type=fixture&#038;p=18943,fixture
http://kampbart.site/?post_type=fixture&#038;p=18941,fixture
http://kampbart.site/?post_type=fixture&#038;p=18940,fixture
http://kampbart.site/?post_type=fixture&#038;p=18939,fixture
http://kampbart.site/?post_type=fixture&#038;p=18938,fixture
http://kampbart.site/?post_type=fixture&#038;p=18937,fixture
http://kampbart.site/?post_type=fixture&#038;p=18936,fixture
http://kampbart.site/?post_type=fixture&#038;p=18935,fixture
http://kampbart.site/?post_type=fixture&#038;p=18934,fixture
http://kampbart.site/?post_type=fixture&#038;p=18933,fixture
http://kampbart.site/?post_type=fixture&#038;p=18932,fixture
http://kampbart.site/?post_type=fixture&#038;p=18931,fixture
http://kampbart.site/?post_type=fixture&#038;p=18930,fixture
http://kampbart.site/?post_type=fixture&#038;p=18929,fixture
http://kampbart.site/?post_type=fixture&#038;p=18928,fixture
http://kampbart.site/?post_type=fixture&#038;p=18927,fixture
http://kampbart.site/?post_type=fixture&#038;p=18926,fixture
http://kampbart.site/?post_type=fixture&#038;p=18925,fixture
http://kampbart.site/?post_type=fixture&#038;p=18924,fixture
http://kampbart.site/?post_type=fixture&#038;p=18923,fixture
http://kampbart.site/?post_type=fixture&#038;p=18922,fixture
http://kampbart.site/?post_type=fixture&#038;p=18921,fixture
http://kampbart.site/?post_type=fixture&#038;p=18920,fixture
http://kampbart.site/?post_type=fixture&#038;p=18919,fixture
http://kampbart.site/?post_type=fixture&#038;p=18918,fixture
http://kampbart.site/?post_type=fixture&#038;p=18917,fixture
http://kampbart.site/?post_type=fixture&#038;p=18916,fixture
http://kampbart.site/?post_type=fixture&#038;p=18915,fixture
http://kampbart.site/?post_type=fixture&#038;p=18914,fixture
http://kampbart.site/?post_type=fixture&#038;p=18913,fixture
http://kampbart.site/?post_type=fixture&#038;p=18912,fixture
http://kampbart.site/?post_type=fixture&#038;p=18911,fixture
http://kampbart.site/?post_type=fixture&#038;p=18909,fixture
http://kampbart.site/?post_type=fixture&#038;p=18908,fixture
http://kampbart.site/?post_type=fixture&#038;p=18907,fixture
http://kampbart.site/?post_type=fixture&#038;p=18906,fixture
http://kampbart.site/?post_type=fixture&#038;p=18905,fixture
http://kampbart.site/?post_type=fixture&#038;p=18904,fixture
http://kampbart.site/?post_type=fixture&#038;p=18903,fixture
http://kampbart.site/?post_type=fixture&#038;p=18902,fixture
http://kampbart.site/?post_type=fixture&#038;p=18901,fixture
http://kampbart.site/?post_type=fixture&#038;p=18900,fixture
http://kampbart.site/?post_type=fixture&#038;p=18899,fixture
http://kampbart.site/?post_type=fixture&#038;p=18897,fixture
http://kampbart.site/?post_type=fixture&#038;p=18896,fixture
http://kampbart.site/?post_type=fixture&#038;p=18895,fixture
http://kampbart.site/?post_type=fixture&#038;p=18894,fixture
http://kampbart.site/?post_type=fixture&#038;p=18893,fixture
http://kampbart.site/?post_type=fixture&#038;p=18892,fixture
http://kampbart.site/?post_type=fixture&#038;p=18891,fixture
http://kampbart.site/?post_type=fixture&#038;p=18890,fixture
http://kampbart.site/?post_type=fixture&#038;p=18889,fixture
http://kampbart.site/?post_type=fixture&#038;p=18888,fixture
http://kampbart.site/?post_type=fixture&#038;p=18887,fixture
http://kampbart.site/?post_type=fixture&#038;p=18886,fixture
http://kampbart.site/?post_type=fixture&#038;p=18885,fixture
http://kampbart.site/?post_type=fixture&#038;p=18884,fixture
http://kampbart.site/?post_type=fixture&#038;p=18883,fixture
http://kampbart.site/?post_type=fixture&#038;p=18882,fixture
http://kampbart.site/?post_type=pitch&#038;p=18881,pitch
http://kampbart.site/?post_type=fixture&#038;p=18880,fixture
http://kampbart.site/?post_type=fixture&#038;p=18879,fixture
http://kampbart.site/?post_type=fixture&#038;p=18878,fixture
http://kampbart.site/?post_type=fixture&#038;p=18877,fixture
http://kampbart.site/?post_type=fixture&#038;p=18876,fixture
http://kampbart.site/?post_type=fixture&#038;p=18875,fixture
http://kampbart.site/?post_type=fixture&#038;p=18874,fixture
http://kampbart.site/?post_type=fixture&#038;p=18873,fixture
http://kampbart.site/?post_type=fixture&#038;p=18872,fixture
http://kampbart.site/?post_type=fixture&#038;p=18870,fixture
http://kampbart.site/?post_type=fixture&#038;p=18869,fixture
http://kampbart.site/?post_type=fixture&#038;p=18868,fixture
http://kampbart.site/?post_type=fixture&#038;p=18867,fixture
http://kampbart.site/?post_type=fixture&#038;p=18865,fixture
http://kampbart.site/?post_type=fixture&#038;p=18863,fixture
http://kampbart.site/?post_type=fixture&#038;p=18862,fixture
http://kampbart.site/?post_type=fixture&#038;p=18861,fixture
http://kampbart.site/?post_type=fixture&#038;p=18860,fixture
http://kampbart.site/?post_type=fixture&#038;p=18859,fixture
http://kampbart.site/?post_type=fixture&#038;p=18858,fixture
http://kampbart.site/?post_type=fixture&#038;p=18857,fixture
http://kampbart.site/?post_type=fixture&#038;p=18856,fixture
http://kampbart.site/?post_type=fixture&#038;p=18855,fixture
http://kampbart.site/?post_type=fixture&#038;p=18854,fixture
http://kampbart.site/?post_type=fixture&#038;p=18853,fixture
http://kampbart.site/?post_type=fixture&#038;p=18852,fixture
http://kampbart.site/?post_type=fixture&#038;p=18851,fixture
http://kampbart.site/?post_type=fixture&#038;p=18850,fixture
http://kampbart.site/?post_type=fixture&#038;p=18849,fixture
http://kampbart.site/?post_type=fixture&#038;p=18848,fixture
http://kampbart.site/?post_type=fixture&#038;p=18847,fixture
http://kampbart.site/?post_type=pitch&#038;p=18846,pitch
http://kampbart.site/?post_type=fixture&#038;p=18845,fixture
http://kampbart.site/?post_type=fixture&#038;p=18844,fixture
http://kampbart.site/?post_type=pitch&#038;p=18843,pitch
http://kampbart.site/?post_type=fixture&#038;p=18842,fixture
http://kampbart.site/?post_type=fixture&#038;p=18841,fixture
http://kampbart.site/?post_type=fixture&#038;p=18840,fixture
http://kampbart.site/?post_type=fixture&#038;p=18839,fixture
http://kampbart.site/?post_type=fixture&#038;p=18838,fixture
http://kampbart.site/?post_type=pitch&#038;p=18837,pitch
http://kampbart.site/?post_type=fixture&#038;p=18836,fixture
http://kampbart.site/?post_type=fixture&#038;p=18835,fixture
http://kampbart.site/?post_type=fixture&#038;p=18834,fixture
http://kampbart.site/?post_type=fixture&#038;p=18833,fixture
http://kampbart.site/?post_type=fixture&#038;p=18832,fixture
http://kampbart.site/?post_type=fixture&#038;p=18831,fixture
http://kampbart.site/?post_type=fixture&#038;p=18830,fixture
http://kampbart.site/?post_type=fixture&#038;p=18829,fixture
http://kampbart.site/?post_type=fixture&#038;p=18828,fixture
http://kampbart.site/?post_type=fixture&#038;p=18826,fixture
http://kampbart.site/?post_type=fixture&#038;p=18825,fixture
http://kampbart.site/?post_type=fixture&#038;p=18824,fixture
http://kampbart.site/?post_type=fixture&#038;p=18822,fixture
http://kampbart.site/?post_type=fixture&#038;p=18821,fixture
http://kampbart.site/?post_type=fixture&#038;p=18820,fixture
http://kampbart.site/?post_type=fixture&#038;p=18819,fixture
http://kampbart.site/?post_type=fixture&#038;p=18818,fixture
http://kampbart.site/?post_type=fixture&#038;p=18817,fixture
http://kampbart.site/?post_type=fixture&#038;p=18816,fixture
http://kampbart.site/?post_type=fixture&#038;p=18815,fixture
http://kampbart.site/?post_type=fixture&#038;p=18814,fixture
http://kampbart.site/?post_type=fixture&#038;p=18813,fixture
http://kampbart.site/?post_type=fixture&#038;p=18812,fixture
http://kampbart.site/?post_type=fixture&#038;p=18811,fixture
http://kampbart.site/?post_type=fixture&#038;p=18810,fixture
http://kampbart.site/?post_type=fixture&#038;p=18808,fixture
http://kampbart.site/?post_type=pitch&#038;p=18809,pitch
http://kampbart.site/?post_type=fixture&#038;p=18806,fixture
http://kampbart.site/?post_type=club&#038;p=18807,club
http://kampbart.site/?post_type=fixture&#038;p=18805,fixture
http://kampbart.site/?post_type=fixture&#038;p=18804,fixture
http://kampbart.site/?post_type=fixture&#038;p=18803,fixture
http://kampbart.site/?post_type=fixture&#038;p=18802,fixture
http://kampbart.site/?post_type=fixture&#038;p=18801,fixture
http://kampbart.site/?post_type=fixture&#038;p=18800,fixture
http://kampbart.site/?post_type=fixture&#038;p=18799,fixture
http://kampbart.site/?post_type=fixture&#038;p=18798,fixture
http://kampbart.site/?post_type=fixture&#038;p=18797,fixture
http://kampbart.site/?post_type=fixture&#038;p=18796,fixture
http://kampbart.site/?post_type=fixture&#038;p=18795,fixture
http://kampbart.site/?post_type=pitch&#038;p=18794,pitch
http://kampbart.site/?post_type=fixture&#038;p=18793,fixture
http://kampbart.site/?post_type=fixture&#038;p=18792,fixture
http://kampbart.site/?post_type=fixture&#038;p=18791,fixture
http://kampbart.site/?post_type=fixture&#038;p=18790,fixture
http://kampbart.site/?post_type=fixture&#038;p=18789,fixture
http://kampbart.site/?post_type=fixture&#038;p=18787,fixture
http://kampbart.site/?post_type=fixture&#038;p=18786,fixture
http://kampbart.site/?post_type=fixture&#038;p=18785,fixture
http://kampbart.site/?post_type=fixture&#038;p=18784,fixture
http://kampbart.site/?post_type=fixture&#038;p=18783,fixture
http://kampbart.site/?post_type=fixture&#038;p=18782,fixture
http://kampbart.site/?post_type=fixture&#038;p=18781,fixture
http://kampbart.site/?post_type=fixture&#038;p=18780,fixture
http://kampbart.site/?post_type=fixture&#038;p=18779,fixture
http://kampbart.site/?post_type=fixture&#038;p=18778,fixture
http://kampbart.site/?post_type=fixture&#038;p=18777,fixture
http://kampbart.site/?post_type=fixture&#038;p=18776,fixture
http://kampbart.site/?post_type=fixture&#038;p=18775,fixture
http://kampbart.site/?post_type=fixture&#038;p=18774,fixture
http://kampbart.site/?post_type=fixture&#038;p=18773,fixture
http://kampbart.site/?post_type=fixture&#038;p=18771,fixture
http://kampbart.site/?post_type=pitch&#038;p=18772,pitch
http://kampbart.site/?post_type=pitch&#038;p=18770,pitch
http://kampbart.site/?post_type=pitch&#038;p=18769,pitch
http://kampbart.site/?post_type=pitch&#038;p=18768,pitch
http://kampbart.site/?post_type=pitch&#038;p=18767,pitch
http://kampbart.site/?post_type=pitch&#038;p=18766,pitch
http://kampbart.com/?p=18748,post
http://kampbart.com/?post_type=fixture&#038;p=18746,fixture
http://kampbart.com/?post_type=fixture&#038;p=18745,fixture
http://kampbart.com/?post_type=fixture&#038;p=18744,fixture
http://kampbart.com/?post_type=fixture&#038;p=18743,fixture
http://kampbart.com/?post_type=fixture&#038;p=18742,fixture
http://kampbart.com/?post_type=fixture&#038;p=18741,fixture
http://kampbart.com/?post_type=fixture&#038;p=18740,fixture
http://kampbart.com/?post_type=fixture&#038;p=18738,fixture
http://kampbart.com/?p=18675,post
http://kampbart.com/?p=18664,post
http://kampbart.com/?p=18655,post
http://kampbart.com/?p=18642,post
http://kampbart.com/?p=18629,post
http://kampbart.com/?p=18619,post
http://kampbart.com/?p=18614,post
http://kampbart.com/?p=18600,post
http://kampbart.com/?p=18570,post
http://kampbart.com/?p=18561,post
http://kampbart.com/?p=18555,post
http://kampbart.com/?p=18543,post
http://kampbart.com/?p=18536,post
http://kampbart.com/?post_type=player&#038;p=18531,player
http://kampbart.com/?post_type=player&#038;p=18530,player
http://kampbart.com/?post_type=player&#038;p=18529,player
http://kampbart.com/?post_type=player&#038;p=18528,player
http://kampbart.com/?post_type=player&#038;p=18527,player
http://kampbart.com/?post_type=player&#038;p=18526,player
http://kampbart.com/?post_type=player&#038;p=18525,player
http://kampbart.com/?post_type=player&#038;p=18524,player
http://kampbart.com/?post_type=player&#038;p=18523,player
http://kampbart.com/?post_type=player&#038;p=18522,player
http://kampbart.com/?post_type=player&#038;p=18521,player
http://kampbart.com/?post_type=player&#038;p=18520,player
http://kampbart.com/?post_type=player&#038;p=18519,player
http://kampbart.com/?post_type=player&#038;p=18517,player
http://kampbart.com/?post_type=player&#038;p=18515,player
http://kampbart.com/?post_type=player&#038;p=18514,player
http://kampbart.com/?post_type=player&#038;p=18513,player
http://kampbart.com/?post_type=player&#038;p=18511,player
http://kampbart.com/?post_type=player&#038;p=18510,player
http://kampbart.com/?post_type=player&#038;p=18509,player
http://kampbart.site/?post_type=fixture&#038;p=18765,fixture
http://kampbart.com/?post_type=opponents&#038;p=18462,club
http://kampbart.com/fixture/kampbart-corleone-fc-2/,fixture
http://kampbart.com/?post_type=fixtures&#038;p=18458,fixture
http://kampbart.com/fixture/oien-indergaard-kampbart-2/,fixture
http://kampbart.com/?post_type=opponents&#038;p=18457,club
http://kampbart.com/?post_type=opponents&#038;p=18456,club
http://kampbart.com/?post_type=opponents&#038;p=18455,club
http://kampbart.com/?post_type=opponents&#038;p=18454,club
http://kampbart.com/?post_type=opponents&#038;p=18453,club
http://kampbart.com/?post_type=opponents&#038;p=18452,club
http://kampbart.com/?post_type=opponents&#038;p=18451,club
http://kampbart.com/?post_type=opponents&#038;p=18450,club
http://kampbart.com/?post_type=opponents&#038;p=18449,club
http://kampbart.com/?post_type=opponents&#038;p=18446,club
http://kampbart.com/?post_type=opponents&#038;p=18445,club
http://kampbart.com/?post_type=pitches&#038;p=18437,pitch
http://kampbart.com/?p=18430,post
http://kampbart.com/?page_id=18412,page
http://kampbart.com/?p=18400,post
http://kampbart.com/?post_type=opponents&#038;p=18381,club
http://kampbart.com/?post_type=opponents&#038;p=18379,club
http://kampbart.com/?post_type=opponents&#038;p=18378,club
http://kampbart.com/?post_type=opponents&#038;p=18377,club
http://kampbart.com/?post_type=opponents&#038;p=18376,club
http://kampbart.com/?post_type=opponents&#038;p=18375,club
http://kampbart.com/?post_type=opponents&#038;p=18374,club
http://kampbart.com/?post_type=opponents&#038;p=18373,club
http://kampbart.com/?post_type=opponents&#038;p=18372,club
http://kampbart.com/?post_type=opponents&#038;p=18371,club
http://kampbart.com/?post_type=opponents&#038;p=18370,club
http://kampbart.com/?post_type=opponents&#038;p=18369,club
http://kampbart.com/?post_type=opponents&#038;p=18368,club
http://kampbart.com/?post_type=opponents&#038;p=18367,club
http://kampbart.com/?post_type=opponents&#038;p=18366,club
http://kampbart.com/?post_type=opponents&#038;p=18365,club
http://kampbart.com/?post_type=opponents&#038;p=18364,club
http://kampbart.com/?post_type=opponents&#038;p=18363,club
http://kampbart.com/?post_type=opponents&#038;p=18362,club
http://kampbart.com/?post_type=opponents&#038;p=18361,club
http://kampbart.com/?post_type=opponents&#038;p=18360,club
http://kampbart.com/?post_type=opponents&#038;p=18359,club
http://kampbart.com/?post_type=opponents&#038;p=18358,club
http://kampbart.com/?post_type=opponents&#038;p=18357,club
http://kampbart.com/?post_type=opponents&#038;p=18356,club
http://kampbart.com/?post_type=opponents&#038;p=18355,club
http://kampbart.com/?post_type=opponents&#038;p=18354,club
http://kampbart.com/?post_type=opponents&#038;p=18353,club
http://kampbart.com/?post_type=opponents&#038;p=18352,club
http://kampbart.com/?post_type=opponents&#038;p=18351,club
http://kampbart.com/?post_type=opponents&#038;p=18350,club
http://kampbart.com/?post_type=opponents&#038;p=18349,club
http://kampbart.com/?post_type=opponents&#038;p=18348,club
http://kampbart.com/?post_type=opponents&#038;p=18347,club
http://kampbart.com/?post_type=opponents&#038;p=18346,club
http://kampbart.com/?post_type=opponents&#038;p=18345,club
http://kampbart.com/?post_type=opponents&#038;p=18344,club
http://kampbart.com/?post_type=opponents&#038;p=18343,club
http://kampbart.com/?post_type=opponents&#038;p=18342,club
http://kampbart.com/?post_type=opponents&#038;p=18341,club
http://kampbart.com/?post_type=opponents&#038;p=18340,club
http://kampbart.com/?post_type=opponents&#038;p=18339,club
http://kampbart.com/?post_type=opponents&#038;p=18338,club
http://kampbart.com/?post_type=opponents&#038;p=18337,club
http://kampbart.com/?post_type=opponents&#038;p=18336,club
http://kampbart.com/?post_type=opponents&#038;p=18335,club
http://kampbart.com/?post_type=opponents&#038;p=18334,club
http://kampbart.com/?post_type=opponents&#038;p=18333,club
http://kampbart.com/?post_type=opponents&#038;p=18332,club
http://kampbart.com/?post_type=opponents&#038;p=18331,club
http://kampbart.com/?post_type=opponents&#038;p=18330,club
http://kampbart.com/?post_type=opponents&#038;p=18329,club
http://kampbart.com/?post_type=opponents&#038;p=18328,club
http://kampbart.com/?post_type=opponents&#038;p=18327,club
http://kampbart.com/?post_type=opponents&#038;p=18326,club
http://kampbart.com/?post_type=opponents&#038;p=18325,club
http://kampbart.com/?post_type=opponents&#038;p=18324,club
http://kampbart.com/?post_type=opponents&#038;p=18323,club
http://kampbart.com/?post_type=opponents&#038;p=18322,club
http://kampbart.com/?post_type=opponents&#038;p=18321,club
http://kampbart.com/?post_type=opponents&#038;p=18320,club
http://kampbart.com/?post_type=opponents&#038;p=18319,club
http://kampbart.com/?post_type=opponents&#038;p=18318,club
http://kampbart.com/?post_type=opponents&#038;p=18317,club
http://kampbart.com/?post_type=opponents&#038;p=18316,club
http://kampbart.com/?post_type=opponents&#038;p=18315,club
http://kampbart.com/?post_type=opponents&#038;p=18314,club
http://kampbart.com/?post_type=opponents&#038;p=18313,club
http://kampbart.com/?post_type=opponents&#038;p=18312,club
http://kampbart.com/?post_type=opponents&#038;p=18311,club
http://kampbart.com/?post_type=opponents&#038;p=18310,club
http://kampbart.com/?post_type=opponents&#038;p=18309,club
http://kampbart.com/?post_type=opponents&#038;p=18308,club
http://kampbart.com/?post_type=opponents&#038;p=18307,club
http://kampbart.com/?post_type=opponents&#038;p=18306,club
http://kampbart.com/?post_type=opponents&#038;p=18305,club
http://kampbart.com/?post_type=opponents&#038;p=18304,club
http://kampbart.com/?post_type=opponents&#038;p=18303,club
http://kampbart.com/?post_type=opponents&#038;p=18302,club
http://kampbart.com/?post_type=opponents&#038;p=18301,club
http://kampbart.com/?post_type=opponents&#038;p=18300,club
http://kampbart.com/?post_type=opponents&#038;p=18299,club
http://kampbart.com/?post_type=opponents&#038;p=18298,club
http://kampbart.com/?post_type=opponents&#038;p=18297,club
http://kampbart.com/?post_type=opponents&#038;p=18296,club
http://kampbart.com/?post_type=opponents&#038;p=18295,club
http://kampbart.com/?post_type=opponents&#038;p=18294,club
http://kampbart.com/?post_type=opponents&#038;p=18293,club
http://kampbart.com/?post_type=opponents&#038;p=18292,club
http://kampbart.com/?post_type=opponents&#038;p=18291,club
http://kampbart.com/?post_type=opponents&#038;p=18290,club
http://kampbart.com/?post_type=opponents&#038;p=18289,club
http://kampbart.com/?post_type=opponents&#038;p=18288,club
http://kampbart.com/?post_type=opponents&#038;p=18287,club
http://kampbart.com/?post_type=opponents&#038;p=18286,club
http://kampbart.com/?post_type=opponents&#038;p=18284,club
http://kampbart.com/?p=18281,post
http://kampbart.com/?p=18276,post
http://kampbart.com/?p=18279,post
http://kampbart.com/?p=18275,post
http://kampbart.com/?p=18273,post
http://kampbart.com/?p=18269,post
http://kampbart.com/?p=18241,post
http://kampbart.com/?p=18239,post
http://kampbart.com/?p=18238,post
http://kampbart.com/?p=18237,post
http://kampbart.com/?p=18233,post
http://kampbart.com/?p=18230,post
http://kampbart.com/?p=18228,post
http://kampbart.com/?p=18227,post
http://kampbart.com/?page_id=18222,page
http://kampbart.com/?p=18220,post
http://kampbart.com/?p=18212,post
http://kampbart.com/?post_type=player&#038;p=18209,player
http://kampbart.com/?post_type=player&#038;p=18207,player
http://kampbart.com/?post_type=player&#038;p=18205,player
http://kampbart.com/?post_type=player&#038;p=18203,player
http://kampbart.com/?post_type=player&#038;p=18202,player
http://kampbart.com/?post_type=player&#038;p=18200,player
http://kampbart.com/?post_type=player&#038;p=18198,player
http://kampbart.com/?post_type=player&#038;p=18197,player
http://kampbart.com/?post_type=player&#038;p=18195,player
http://kampbart.com/?post_type=player&#038;p=18193,player
http://kampbart.com/?post_type=player&#038;p=18190,player
http://kampbart.com/?post_type=player&#038;p=18188,player
http://kampbart.com/?post_type=player&#038;p=18187,player
http://kampbart.com/?post_type=player&#038;p=18186,player
http://kampbart.com/?post_type=player&#038;p=18185,player
http://kampbart.com/?post_type=player&#038;p=18184,player
http://kampbart.com/?post_type=player&#038;p=18182,player
http://kampbart.com/?post_type=player&#038;p=18179,player
http://kampbart.com/?post_type=player&#038;p=18175,player
http://kampbart.com/?post_type=player&#038;p=18173,player
http://kampbart.com/?post_type=player&#038;p=18171,player
http://kampbart.com/?post_type=player&#038;p=18169,player
http://kampbart.com/?post_type=player&#038;p=18166,player
http://kampbart.com/?post_type=player&#038;p=18165,player
http://kampbart.com/?post_type=player&#038;p=18164,player
http://kampbart.com/?post_type=player&#038;p=18162,player
http://kampbart.com/?post_type=player&#038;p=18160,player
http://kampbart.com/?post_type=player&#038;p=18158,player
http://kampbart.com/?post_type=player&#038;p=18156,player
http://kampbart.com/?post_type=player&#038;p=18117,player
http://kampbart.com/?post_type=player&#038;p=18115,player
http://kampbart.com/?p=18101,post
http://kampbart.com/?p=18097,post
http://kampbart.com/?p=18091,post
http://kampbart.com/?p=18083,post
http://kampbart.com/?p=18066,post
http://kampbart.com/?p=18061,post
http://kampbart.com/?p=18041,post
http://kampbart.com/?p=18035,post
http://kampbart.com/?p=1992,post
http://kampbart.com/?p=1991,post
http://kampbart.com/?p=1986,post
http://kampbart.com/?p=1988,post
http://kampbart.com/?p=1982,post
http://kampbart.com/?p=1979,post
http://kampbart.com/?p=1978,post
http://kampbart.com/?p=1974,post
http://kampbart.com/?p=1973,post
http://kampbart.com/?p=1968,post
http://kampbart.com/?page_id=1959,page
http://kampbart.com/?p=1958,post
http://kampbart.com/?p=1951,post
http://kampbart.com/?p=1950,post
http://kampbart.com/?p=1947,post
http://kampbart.com/?p=1946,post
http://kampbart.com/?p=1943,post
http://kampbart.com/?p=1936,post
http://kampbart.com/?p=1934,post
http://kampbart.com/?p=1929,post
http://kampbart.com/?p=1925,post
http://kampbart.com/?p=1923,post
http://kampbart.com/?p=1920,post
http://kampbart.com/?p=1918,post
http://kampbart.com/?p=1914,post
http://kampbart.com/?p=1911,post
http://kampbart.com/?p=1910,post
http://kampbart.com/?p=1908,post
http://kampbart.com/?p=1907,post
http://kampbart.com/?p=1902,post
http://kampbart.com/?p=1899,post
http://kampbart.com/?p=1896,post
http://kampbart.com/?p=1897,post
http://kampbart.com/?p=1893,post
http://kampbart.com/?p=1892,post
http://kampbart.com/?p=1889,post
http://kampbart.com/?p=1882,post
http://kampbart.com/?p=1878,post
http://kampbart.com/?p=1874,post
http://kampbart.com/?p=1872,post
http://kampbart.com/?p=1869,post
http://kampbart.com/?p=1871,post
http://kampbart.com/?p=1867,post
http://kampbart.com/?p=1865,post
http://kampbart.com/?p=1862,post
http://kampbart.com/?p=1861,post
http://kampbart.com/?p=1853,post
http://kampbart.com/?p=1859,post
http://kampbart.com/?p=1858,post
http://kampbart.com/?p=1855,post
http://kampbart.com/?page_id=1849,page
http://kampbart.com/?p=1852,post
http://kampbart.com/?p=1847,post
http://kampbart.com/?p=1843,post
http://kampbart.com/?p=1840,post
http://kampbart.com/?p=1839,post
http://kampbart.com/?p=1836,post
http://kampbart.com/?p=1830,post
http://kampbart.com/?p=1791,post
http://kampbart.com/?p=1776,post
http://kampbart.com/?p=1770,post
http://kampbart.com/?p=1758,post
http://kampbart.com/?p=1762,post
http://kampbart.com/?p=1753,post
http://kampbart.com/?p=1745,post
http://kampbart.com/?p=1736,post
http://kampbart.com/?p=1713,post
http://kampbart.com/?p=1693,post
http://kampbart.com/?page_id=1672,page
http://kampbart.com/?p=1662,post
http://kampbart.com/?p=1648,post
http://kampbart.com/?p=1643,post
http://kampbart.com/?p=1646,post
http://kampbart.com/?p=1635,post
http://kampbart.com/?p=1631,post
http://kampbart.com/?p=1622,post
http://kampbart.com/?p=1617,post
http://kampbart.com/?p=1603,post
http://kampbart.com/?p=1597,post
http://kampbart.com/?p=1588,post
http://kampbart.com/?p=1572,post
http://kampbart.com/?p=1560,post
http://kampbart.com/?p=1556,post
http://kampbart.com/?p=1552,post
http://kampbart.com/?p=1551,post
http://kampbart.com/?p=1544,post
http://kampbart.com/?p=1537,post
http://kampbart.com/?p=1530,post
http://kampbart.com/?p=1517,post
http://kampbart.com/?page_id=1407,page
http://kampbart.com/?p=1390,post
http://kampbart.com/?p=1386,post
http://kampbart.com/?p=1383,post
http://kampbart.com/?p=1378,post
http://kampbart.com/?p=1369,post
http://kampbart.com/?p=1366,post
http://kampbart.com/?p=1364,post
http://kampbart.com/?p=1362,post
http://kampbart.com/?p=1354,post
http://kampbart.com/?p=1352,post
http://kampbart.com/?p=1340,post
http://kampbart.com/?p=1325,post
http://kampbart.com/?p=1304,post
http://kampbart.com/?p=1297,post
http://kampbart.com/?p=1280,post
http://kampbart.com/?p=1276,post
http://kampbart.com/?p=1266,post
http://kampbart.com/?p=1200,post
http://kampbart.com/2010/gratulerer-kampbart-3/,post
http://kampbart.com/2010/utsatt-kamp-2/,post
http://kampbart.com/?p=1187,post
http://kampbart.com/2010/gratulerer-hakon-og-amanda/,post
http://kampbart.com/?p=1182,post
http://kampbart.com/?p=1180,post
http://kampbart.com/?p=1158,post
http://kampbart.com/?p=1154,post
http://kampbart.com/?p=1147,post
http://kampbart.com/?p=1128,post
http://kampbart.com/?p=1124,post
http://kampbart.com/?page_id=1105,page
http://kampbart.com/?p=1092,post
http://kampbart.com/?p=1089,post
http://kampbart.com/?p=1050,post
http://kampbart.com/?p=1069,post
http://kampbart.com/?p=1064,post
http://kampbart.com/?p=1062,post
http://kampbart.com/?p=1035,post
http://kampbart.com/2009/god-jul-3/,post
http://kampbart.com/?p=1032,post
http://kampbart.com/2009/treninger-framover/,post
http://kampbart.com/2009/bestilling-av-kampbartkalender-2010/,post
http://kampbart.com/kampbart-gratulerer-doktor-fettern/,post
http://kampbart.com/?p=1007,post
http://kampbart.com/?p=1005,post
http://kampbart.com/?page_id=1000,page
http://kampbart.com/?p=994,post
http://kampbart.com/?p=983,post
http://kampbart.com/?p=980,post
http://kampbart.com/?p=975,post
http://kampbart.com/?p=966,post
http://kampbart.com/?p=947,post
http://kampbart.com/?p=944,post
http://kampbart.com/?p=932,post
http://kampbart.com/?p=926,post
http://kampbart.com/?p=917,post
http://kampbart.com/?p=914,post
http://kampbart.com/?p=912,post
http://kampbart.com/?p=879,post
http://kampbart.com/?p=751,post
http://kampbart.com/?p=739,post
http://kampbart.com/?p=729,post
http://kampbart.com/?p=716,post
http://kampbart.com/?p=685,post
http://kampbart.com/?p=662,post
http://kampbart.com/?p=659,post
http://kampbart.com/?page_id=495,page
http://kampbart.com/?p=486,post
http://kampbart.com/?p=480,post
http://kampbart.com/?p=453,post
http://kampbart.com/?p=434,post
http://kampbart.com/?page_id=424,page
http://kampbart.com/?page_id=392,page
http://kampbart.com/?p=387,post
http://kampbart.com/?p=385,post
http://kampbart.com/?p=379,post
http://kampbart.com/?p=372,post
http://kampbart.com/?page_id=296,page
http://kampbart.com/?p=341,post
http://kampbart.com/?p=339,post
http://kampbart.com/?p=337,post
http://kampbart.com/?p=333,post
http://kampbart.com/?p=328,post
http://kampbart.com/?p=325,post
http://kampbart.com/?p=323,post
http://kampbart.com/?p=319,post
http://kampbart.com/?p=317,post
http://kampbart.com/?p=312,post
http://kampbart.com/?p=310,post
http://kampbart.com/?p=307,post
http://kampbart.com/?p=287,post
http://www.kampbart.com/?p=268,post
http://www.kampbart.com/?p=267,post
http://www.kampbart.com/?p=266,post
http://www.kampbart.com/?p=265,post
http://www.kampbart.com/?p=264,post
http://www.kampbart.com/?p=263,post
http://www.kampbart.com/?p=262,post
http://www.kampbart.com/?p=261,post
http://www.kampbart.com/?p=260,post
http://www.kampbart.com/?p=259,post
http://www.kampbart.com/?p=258,post
http://www.kampbart.com/?p=257,post
http://www.kampbart.com/?p=255,post
http://www.kampbart.com/?p=254,post
http://www.kampbart.com/?p=253,post
http://www.kampbart.com/sf-forum/,page
http://kampbart.com/?p=246,post
http://kampbart.com/?p=245,post
http://kampbart.com/?p=244,post
http://kampbart.com/?p=243,post
http://kampbart.com/?p=240,post
http://kampbart.com/?p=239,post
http://kampbart.com/?p=238,post
http://kampbart.com/?p=237,post
http://kampbart.com/?p=19749,post
http://kampbart.com/?p=231,post
http://kampbart.com/?p=230,post
http://kampbart.com/?p=229,post
http://kampbart.com/?p=228,post
http://kampbart.com/?p=227,post
http://kampbart.com/?p=226,post
http://kampbart.com/?p=225,post
http://kampbart.com/?p=224,post
http://kampbart.com/?p=223,post
http://kampbart.com/?p=222,post
http://kampbart.com/?p=221,post
http://kampbart.com/?p=220,post
http://kampbart.com/?p=219,post
http://kampbart.com/?p=218,post
http://kampbart.com/?p=217,post
http://kampbart.com/?p=216,post
http://kampbart.com/?p=210,post
http://kampbart.com/?p=205,post
http://kampbart.com/?p=209,post
http://kampbart.com/?p=208,post
http://kampbart.com/?p=207,post
http://kampbart.com/?p=206,post
http://kampbart.com/?p=204,post
http://kampbart.com/?p=203,post
http://kampbart.com/?p=202,post
http://kampbart.com/?page_id=197,page
http://kampbart.com/?p=196,post
http://kampbart.com/?p=195,post
http://kampbart.com/?p=185,post
http://kampbart.com/?p=192,post
http://kampbart.com/?p=191,post
http://kampbart.com/?p=186,post
http://kampbart.com/?p=184,post
http://kampbart.com/?p=183,post
http://kampbart.com/2006/09/11/skippertak/,post
http://kampbart.com/2006/09/11/kamprapport-renholdsverket/,post
http://kampbart.com/2006/09/11/178/,post
http://kampbart.com/2006/09/11/spilletr%c3%b8yer/,post
http://kampbart.com/?p=175,post
http://kampbart.com/?p=174,post
http://kampbart.com/?p=173,post
http://kampbart.com/?p=172,post
http://kampbart.com/?p=171,post
http://kampbart.com/?p=169,post
http://kampbart.com/?p=168,post
http://kampbart.com/?p=167,post
http://kampbart.com/?p=166,post
http://kampbart.com/?p=165,post
http://kampbart.com/?p=164,post
http://kampbart.com/?p=163,post
http://kampbart.com/?p=162,post
http://kampbart.com/?p=161,post
http://kampbart.com/?p=159,post
http://kampbart.com/?p=157,post
http://kampbart.com/2006/07/21/forumet/,post
http://kampbart.com/2006/07/17/trening-tirsdag-1807/,post
http://kampbart.com/2006/07/10/trening-tirsdag-1107/,post
http://kampbart.com/2006/07/06/treningen-l%c3%b8rdag-0807/,post
http://kampbart.com/2006/06/07/trening-torsdag-0806/,post
http://kampbart.com/2006/05/28/hvordan-bruke-forumet/,post
http://kampbart.com/2006/05/28/at-last/,post
http://kampbart.com/2006/05/25/adresseavisen-fc-kampbart/,post
http://kampbart.com/2006/05/19/kampbart-asko-mn/,post
http://kampbart.com/2006/04/28/koteng-kampbart/,post
http://kampbart.com/2006/04/20/131/,post
http://kampbart.com/multimedia/kampbartsanger/,page
http://kampbart.com/2006/03/31/alt-under-kontroll/,post
http://kampbart.com/?page_id=119,page
http://kampbart.com/laget/uteserie-2006/,page
http://kampbart.com/laget/uteserie-2005/,page
http://kampbart.com/laget/innserie-2004-05/,page
http://kampbart.com/102/,page
http://kampbart.com/multimedia/,page
http://kampbart.com/klubben/,page
http://kampbart.com/2006/03/17/opprustning/,post
http://kampbart.com/2006/03/08/treningstider-i-april/,post
http://kampbart.com/2006/02/22/treningstider-i-mars/,post
http://kampbart.com/2006/02/02/treningstider-i-februar/,post
http://kampbart.com/2006/01/16/medlemmers-gjeld-til-fk-kampbart/,post
http://kampbart.com/2006/01/08/treninger-i-januar-2/,post
http://kampbart.com/2005/12/26/nytt-bartemedlem/,post
http://kampbart.com/2005/12/23/god-jul-alle-barter/,post
http://kampbart.com/2005/10/27/innetreninger-i-oktobernovember/,post
http://kampbart.com/2005/10/10/2-nye-innetreninger/,post
http://kampbart.com/2005/10/05/siden-sist/,post
http://kampbart.com/2005/10/05/kamprapport-rockwool-kampbart/,post
http://kampbart.com/2005/09/30/kamprapport-kampbart-nordic-semiconductor/,post
http://kampbart.local/?p=20237,post
http://kampbart.com/2005/09/24/kamprapport-popolvuh-kampbart/,post
http://kampbart.com/2006/09/19/en-liten-unnskyldning/,post
http://kampbart.com/2005/09/19/kamprapport-kampbart-real-san-salvador/,post
http://kampbart.com/2005/09/13/innetreninger-2/,post
http://kampbart.com/2005/09/08/kamprapport-satans-sluts-kampbart/,post
http://kampbart.com/2005/09/01/kampbartforum/,post
http://kampbart.com/2005/08/27/obs-f%c3%b8rstkommende-trening-er-flyttet/,post
http://kampbart.com/2005/08/27/gult-er-kult/,post
http://kampbart.com/2005/08/27/kamprapport-kampbart-salmon-flyers/,post
http://kampbart.com/2005/08/27/kamprapport-sjetne-panters-kampbart/,post
http://kampbart.com/2005/08/24/lenge-leve/,post
http://kampbart.com/2005/08/06/neste-kamp-og-videre-vedlikehold-av-siden/,post
http://kampbart.com/2005/07/22/hvem-hva-hvor-og-kanskje-litt-hvorfor/,post
http://kampbart.com/2005/06/28/kamper-berammet/,post
http://kampbart.com/2005/06/28/ny-vri-pa-kontaktskjemaet/,post
http://kampbart.com/2005/06/22/kamprapport-kampbart-strindheim-forest/,post
http://kampbart.com/2005/06/06/f%c3%b8rstkommende-kamp-avlyst/,post
http://kampbart.com/2005/06/05/e-postkampbartcom/,post
http://kampbart.com/2006/06/03/kamprapport-kampbart-trheim-d%c3%b8ves-il/,post
http://kampbart.com/2005/05/25/kamprapport-trygdeetaten-kampbart/,post
http://kampbart.com/2005/05/24/kj%c3%b8p-kampbart-plakat/,post
http://kampbart.com/2005/05/23/kampbartsanger/,post
http://kampbart.com/2005/05/22/oppdateringer-og-oppfordring/,post
http://kampbart.com/2005/05/22/kamprapport-kampart-bama-kickers/,post
http://kampbart.com/2005/03/20/oppdateringer-kamp/,post
http://kampbart.com/2005/05/15/61/,post
http://kampbart.com/2005/05/10/trening-torsdag-12-mai/,post
http://kampbart.com/2005/05/07/omberamming/,post
http://kampbart.com/2005/05/04/kamprapport-ngu-kampbart/,post
http://kampbart.com/2005/04/28/terminliste/,post
http://kampbart.com/2005/04/25/fest/,post
http://kampbart.com/2005/04/23/aktiveter-fremover/,post
http://kampbart.com/2005/04/17/tap-og-trening/,post
http://kampbart.com/2005/04/12/b-sluttspill/,post
http://kampbart.com/2005/03/16/meny-og-info/,post
http://kampbart.com/2005/03/15/ny-side/,post
http://kampbart.com/2005/01/24/kontigent-2005/,post
http://kampbart.com/2004/12/01/innserie/,post
http://kampbart.com/2004/11/18/innetreninger-fremover/,post
http://kampbart.com/2004/09/29/innetreninger/,post
http://kampbart.com/2004/09/22/arcus-kampbart/,post
http://kampbart.com/2006/09/16/kamp-flyttet/,post
http://kampbart.com/2004/09/01/lag-trukket/,post
http://kampbart.com/2004/08/25/emblemer/,post
http://kampbart.com/2004/08/23/rotterace/,post
http://kampbart.com/2004/08/18/gratuelere-folkens/,post
http://kampbart.com/2004/08/15/h%c3%b8stsesongen-starter/,post
http://kampbart.com/2004/07/26/tittel/,post
http://kampbart.com/2004/07/11/agurktid/,post
http://kampbart.com/2006/03/18/37/,post
http://kampbart.com/2004/06/26/trening-s%c3%b8ndag-27-juni/,post
http://kampbart.com/2004/06/11/trening-pa-s%c3%b8ndag/,post
http://kampbart.com/2004/06/04/endret-kamptidspunkt-2/,post
http://kampbart.com/2004/06/01/kampliste/,post
http://kampbart.com/2004/05/28/treningskamp/,post
http://kampbart.com/2004/05/27/trening-3/,post
http://kampbart.com/2004/05/21/trening-2/,post
http://kampbart.com/2004/05/19/kampbart-corleone-fc/,post
http://kampbart.com/2004/05/18/%c3%98ien-indergaard-kampbart/,post
http://kampbart.com/2006/05/15/kontigent-2004/,post
http://kampbart.com/2004/05/14/draktnummer-og-navn/,post
http://kampbart.com/2004/05/13/kampbart-utgaard/,post
http://kampbart.com/2004/05/13/tjoho/,post
http://kampbart.com/2004/05/09/chit-chat-oppdatering/,post
http://kampbart.com/2004/05/04/draktfarge/,post
http://kampbart.com/2004/04/30/serieapning/,post
http://kampbart.com/2004/04/26/endret-kamptidspunkt/,post
http://kampbart.com/2004/04/23/kampoversikt/,post
http://kampbart.com/2004/04/22/logo/,post
http://kampbart.com/2004/04/20/trening/,post
http://kampbart.com/2006/04/19/irrrriterendes-leverand%c3%b8r/,post
http://kampbart.com/2004/04/15/ny-url/,post
http://kampbart.com/2004/04/15/f%c3%b8rste-kamp/,post
http://kampbart.com/2004/04/08/seriestart/,post
http://kampbart.com/2004/03/27/veien-videre/,post
http://kampbart.com/2004/03/08/endret-treningstid-neste-helg/,post
http://kampbart.com/2003/12/29/10/,post
http://kampbart.com/2003/12/27/drakter/,post
http://kampbart.com/2003/12/27/treninger-i-januar/,post
http://kampbart.com/2003/11/16/m%c3%b8te/,post
http://kampbart.com/2006/03/18/spillerliste/,post
http://kampbart.com/2003/11/14/konto/,post
,post
http://kampbart.local/division/1-divisjon/,division
http://kampbart.local/division/2-divisjon/,division
http://kampbart.local/division/3-divisjon/,division
http://kampbart.local/division/4-divisjon/,division
http://kampbart.local/division/5-divisjon/,division
http://kampbart.local/division/6-divisjon/,division
http://kampbart.local/turnering/inneserie-2004-05/,tournament
http://kampbart.local/turnering/inneserie-2011-12/,tournament
http://kampbart.local/turnering/uteserie-2004/,tournament
http://kampbart.local/turnering/uteserie-2005/,tournament
http://kampbart.local/turnering/uteserie-2006/,tournament
http://kampbart.local/turnering/uteserie-2007/,tournament
http://kampbart.local/turnering/uteserie-2008/,tournament
http://kampbart.local/turnering/uteserie-2009/,tournament
http://kampbart.local/turnering/uteserie-2010/,tournament
http://kampbart.local/turnering/uteserie-2011/,tournament
http://kampbart.local/turnering/uteserie-2012/,tournament
http://kampbart.local/turnering/uteserie-2013/,tournament
http://kampbart.local/turnering/uteserie-2014/,tournament
http://kampbart.local/turnering/uteserie-2015/,tournament
http://kampbart.local/turnering/uteserie-2016/,tournament
http://kampbart.local/turnering/uteserie-2017/,tournament
http://kampbart.local/turnering/uteserie-2018/,tournament
http://kampbart.local/turnering/uteserie-2019/,tournament
http://kampbart.local/turnering/uteserie-2021/,tournament
http://kampbart.local/turnering/uteserie-2022/,tournament
http://kampbart.local/turnering/uteserie-2023/,tournament
http://kampbart.local/turnering/uteserie-2024/,tournament
